{"v":"5.0.1","fr":30,"ip":0,"op":39,"w":500,"h":500,"ddd":0,"assets":[],"layers":[{"ind":1,"nm":"Layer 1","ks":{"p":{"a":0,"k":[246.532,250]},"a":{"a":0,"k":[231.244,78.428,0]},"s":{"a":0,"k":[100,100,100]},"r":{"a":0,"k":0},"o":{"a":0,"k":100}},"ao":0,"ip":0,"op":39,"st":0,"bm":0,"sr":1,"ty":4,"shapes":[{"ty":"gr","it":[{"ty":"gr","it":[{"ty":"sh","d":1,"ks":{"a":0,"k":{"i":[[0,0],[-3.11,2.88],[3.15,15.64],[-17.49,16.36],[-1.8,-1.34],[0.3,-13.01],[25.02,-16.64],[13.79,2.83]],"o":[[4.68,-4.05],[11.72,-10.86],[-5.25,-25.98],[1.3,-1.22],[11.14,8.3],[-0.69,29.85],[-9.13,6.08],[0,0]],"v":[[185.29,209.99],[196.36,200.38],[209.56,160.48],[234.73,99.79],[242.35,100.4],[256.91,133.92],[218.43,204.18],[185.29,209.99]],"c":true},"hd":false}},{"ty":"fl","c":{"a":0,"k":[0.831,0.757,0.525,1]},"hd":false,"o":{"a":0,"k":100},"r":1},{"ty":"tr","p":{"a":0,"k":[0,0]},"a":{"a":0,"k":[0,0]},"s":{"a":0,"k":[100,100]},"r":{"a":0,"k":0},"o":{"a":0,"k":100},"sk":{"a":0,"k":0},"sa":{"a":0,"k":0}}],"nm":"Object","hd":false},{"ty":"gr","it":[{"ty":"sh","d":1,"ks":{"a":0,"k":{"i":[[0,0],[3.26,-2.96],[-1.55,-19.75],[1.08,-6.92],[10.07,-7.02],[2.31,0.99],[0.61,12.03],[-28.32,19.75],[-10.93,-5.87]],"o":[[-3.02,3.52],[-14.8,13.46],[0.55,7.02],[-1.95,12.45],[-1.93,1.35],[-11.61,-5.03],[-1.77,-34.62],[10.62,-7.4],[0,0]],"v":[[227.3,94.54],[218.44,104.73],[199.4,154.6],[198.87,175.78],[179.21,204.44],[171.04,204.82],[152.81,177.96],[193.32,96.15],[227.3,94.54]],"c":true},"hd":false}},{"ty":"fl","c":{"a":0,"k":[0.831,0.757,0.525,1]},"hd":false,"o":{"a":0,"k":100},"r":1},{"ty":"tr","p":{"a":0,"k":[0,0]},"a":{"a":0,"k":[0,0]},"s":{"a":0,"k":[100,100]},"r":{"a":0,"k":0},"o":{"a":0,"k":100},"sk":{"a":0,"k":0},"sa":{"a":0,"k":0}}],"nm":"Object","hd":false},{"ty":"tr","p":{"a":0,"k":[55.244,77.423]},"a":{"a":0,"k":[204.793,150.745]},"s":{"a":1,"k":[{"t":0,"s":[100,100],"i":{"x":[0.355],"y":[1]},"o":{"x":[0.645],"y":[0.045]},"e":[130,130]},{"t":6,"s":[130,130],"i":{"x":[0.355],"y":[1]},"o":{"x":[0.645],"y":[0.045]},"e":[100,100]},{"t":12,"s":[100,100]}]},"r":{"a":0,"k":-26.823},"o":{"a":0,"k":100},"sk":{"a":0,"k":0},"sa":{"a":0,"k":0}}],"nm":"Object","hd":false},{"ty":"gr","it":[{"ty":"gr","it":[{"ty":"sh","d":1,"ks":{"a":0,"k":{"i":[[0,0],[-3.11,2.88],[3.15,15.64],[-17.49,16.36],[-1.8,-1.34],[0.3,-13.01],[25.02,-16.64],[13.79,2.83]],"o":[[4.68,-4.05],[11.72,-10.86],[-5.25,-25.98],[1.3,-1.22],[11.14,8.3],[-0.69,29.85],[-9.13,6.08],[0,0]],"v":[[185.29,209.99],[196.36,200.38],[209.56,160.48],[234.73,99.79],[242.35,100.4],[256.91,133.92],[218.43,204.18],[185.29,209.99]],"c":true},"hd":false}},{"ty":"fl","c":{"a":0,"k":[0.498,0.302,0.208,1]},"hd":false,"o":{"a":0,"k":100},"r":1},{"ty":"tr","p":{"a":0,"k":[0,0]},"a":{"a":0,"k":[0,0]},"s":{"a":0,"k":[100,100]},"r":{"a":0,"k":0},"o":{"a":0,"k":100},"sk":{"a":0,"k":0},"sa":{"a":0,"k":0}}],"nm":"Object","hd":false},{"ty":"gr","it":[{"ty":"sh","d":1,"ks":{"a":0,"k":{"i":[[0,0],[3.26,-2.96],[-1.55,-19.75],[1.08,-6.92],[10.07,-7.02],[2.31,0.99],[0.61,12.03],[-28.32,19.75],[-10.93,-5.87]],"o":[[-3.02,3.52],[-14.8,13.46],[0.55,7.02],[-1.95,12.45],[-1.93,1.35],[-11.61,-5.03],[-1.77,-34.62],[10.62,-7.4],[0,0]],"v":[[227.3,94.54],[218.44,104.73],[199.4,154.6],[198.87,175.78],[179.21,204.44],[171.04,204.82],[152.81,177.96],[193.32,96.15],[227.3,94.54]],"c":true},"hd":false}},{"ty":"fl","c":{"a":0,"k":[0.498,0.302,0.208,1]},"hd":false,"o":{"a":0,"k":100},"r":1},{"ty":"tr","p":{"a":0,"k":[0,0]},"a":{"a":0,"k":[0,0]},"s":{"a":0,"k":[100,100]},"r":{"a":0,"k":0},"o":{"a":0,"k":100},"sk":{"a":0,"k":0},"sa":{"a":0,"k":0}}],"nm":"Object","hd":false},{"ty":"tr","p":{"a":0,"k":[172.244,77.292]},"a":{"a":0,"k":[204.793,150.745]},"s":{"a":1,"k":[{"t":9,"s":[100,100],"i":{"x":[0.355],"y":[1]},"o":{"x":[0.645],"y":[0.045]},"e":[130,130]},{"t":15,"s":[130,130],"i":{"x":[0.355],"y":[1]},"o":{"x":[0.645],"y":[0.045]},"e":[100,100]},{"t":21,"s":[100,100]}]},"r":{"a":0,"k":-26.823},"o":{"a":0,"k":100},"sk":{"a":0,"k":0},"sa":{"a":0,"k":0}}],"nm":"Object","hd":false},{"ty":"gr","it":[{"ty":"gr","it":[{"ty":"sh","d":1,"ks":{"a":0,"k":{"i":[[0,0],[-3.11,2.88],[3.15,15.64],[-17.49,16.36],[-1.8,-1.34],[0.3,-13.01],[25.02,-16.64],[13.79,2.83]],"o":[[4.68,-4.05],[11.72,-10.86],[-5.25,-25.98],[1.3,-1.22],[11.14,8.3],[-0.69,29.85],[-9.13,6.08],[0,0]],"v":[[185.29,209.99],[196.36,200.38],[209.56,160.48],[234.73,99.79],[242.35,100.4],[256.91,133.92],[218.43,204.18],[185.29,209.99]],"c":true},"hd":false}},{"ty":"fl","c":{"a":0,"k":[0.376,0.22,0.075,1]},"hd":false,"o":{"a":0,"k":100},"r":1},{"ty":"tr","p":{"a":0,"k":[0,0]},"a":{"a":0,"k":[0,0]},"s":{"a":0,"k":[100,100]},"r":{"a":0,"k":0},"o":{"a":0,"k":100},"sk":{"a":0,"k":0},"sa":{"a":0,"k":0}}],"nm":"Object","hd":false},{"ty":"gr","it":[{"ty":"sh","d":1,"ks":{"a":0,"k":{"i":[[0,0],[3.26,-2.96],[-1.55,-19.75],[1.08,-6.92],[10.07,-7.02],[2.31,0.99],[0.61,12.03],[-28.32,19.75],[-10.93,-5.87]],"o":[[-3.02,3.52],[-14.8,13.46],[0.55,7.02],[-1.95,12.45],[-1.93,1.35],[-11.61,-5.03],[-1.77,-34.62],[10.62,-7.4],[0,0]],"v":[[227.3,94.54],[218.44,104.73],[199.4,154.6],[198.87,175.78],[179.21,204.44],[171.04,204.82],[152.81,177.96],[193.32,96.15],[227.3,94.54]],"c":true},"hd":false}},{"ty":"fl","c":{"a":0,"k":[0.376,0.22,0.075,1]},"hd":false,"o":{"a":0,"k":100},"r":1},{"ty":"tr","p":{"a":0,"k":[0,0]},"a":{"a":0,"k":[0,0]},"s":{"a":0,"k":[100,100]},"r":{"a":0,"k":0},"o":{"a":0,"k":100},"sk":{"a":0,"k":0},"sa":{"a":0,"k":0}}],"nm":"Object","hd":false},{"ty":"tr","p":{"a":0,"k":[297.244,77.423]},"a":{"a":0,"k":[204.793,150.745]},"s":{"a":1,"k":[{"t":18,"s":[100,100],"i":{"x":[0.355],"y":[1]},"o":{"x":[0.645],"y":[0.045]},"e":[130,130]},{"t":24,"s":[130,130],"i":{"x":[0.355],"y":[1]},"o":{"x":[0.645],"y":[0.045]},"e":[100,100]},{"t":30,"s":[100,100]}]},"r":{"a":0,"k":-26.823},"o":{"a":0,"k":100},"sk":{"a":0,"k":0},"sa":{"a":0,"k":0}}],"nm":"Object","hd":false},{"ty":"gr","it":[{"ty":"gr","it":[{"ty":"sh","d":1,"ks":{"a":0,"k":{"i":[[0,0],[-3.11,2.88],[3.15,15.64],[-17.49,16.36],[-1.8,-1.34],[0.3,-13.01],[25.02,-16.64],[13.79,2.83]],"o":[[4.68,-4.05],[11.72,-10.86],[-5.25,-25.98],[1.3,-1.22],[11.14,8.3],[-0.69,29.85],[-9.13,6.08],[0,0]],"v":[[185.29,209.99],[196.36,200.38],[209.56,160.48],[234.73,99.79],[242.35,100.4],[256.91,133.92],[218.43,204.18],[185.29,209.99]],"c":true},"hd":false}},{"ty":"fl","c":{"a":0,"k":[0.314,0.224,0.196,1]},"hd":false,"o":{"a":0,"k":100},"r":1},{"ty":"tr","p":{"a":0,"k":[0,0]},"a":{"a":0,"k":[0,0]},"s":{"a":0,"k":[100,100]},"r":{"a":0,"k":0},"o":{"a":0,"k":100},"sk":{"a":0,"k":0},"sa":{"a":0,"k":0}}],"nm":"Object","hd":false},{"ty":"gr","it":[{"ty":"sh","d":1,"ks":{"a":0,"k":{"i":[[0,0],[3.26,-2.96],[-1.55,-19.75],[1.08,-6.92],[10.07,-7.02],[2.31,0.99],[0.61,12.03],[-28.32,19.75],[-10.93,-5.87]],"o":[[-3.02,3.52],[-14.8,13.46],[0.55,7.02],[-1.95,12.45],[-1.93,1.35],[-11.61,-5.03],[-1.77,-34.62],[10.62,-7.4],[0,0]],"v":[[227.3,94.54],[218.44,104.73],[199.4,154.6],[198.87,175.78],[179.21,204.44],[171.04,204.82],[152.81,177.96],[193.32,96.15],[227.3,94.54]],"c":true},"hd":false}},{"ty":"fl","c":{"a":0,"k":[0.314,0.224,0.196,1]},"hd":false,"o":{"a":0,"k":100},"r":1},{"ty":"tr","p":{"a":0,"k":[0,0]},"a":{"a":0,"k":[0,0]},"s":{"a":0,"k":[100,100]},"r":{"a":0,"k":0},"o":{"a":0,"k":100},"sk":{"a":0,"k":0},"sa":{"a":0,"k":0}}],"nm":"Object","hd":false},{"ty":"tr","p":{"a":0,"k":[413.244,77.423]},"a":{"a":0,"k":[204.793,150.745]},"s":{"a":1,"k":[{"t":27,"s":[100,100],"i":{"x":[0.355],"y":[1]},"o":{"x":[0.645],"y":[0.045]},"e":[130,130]},{"t":33,"s":[130,130],"i":{"x":[0.355],"y":[1]},"o":{"x":[0.645],"y":[0.045]},"e":[100,100]},{"t":39,"s":[100,100]}]},"r":{"a":0,"k":-26.823},"o":{"a":0,"k":100},"sk":{"a":0,"k":0},"sa":{"a":0,"k":0}}],"nm":"Object","hd":false}]}],"markers":[]}